websites,Root CA
forbes.com,GlobalSign
creativecommons.org,Baltimore
yy.com,DigiCert Inc
samsung.com,DigiCert Inc
mama.cn,DigiCert Inc
dailymotion.com,DigiCert Inc
detik.com,DigiCert Inc
grid.id,The USERTRUST Network
okta.com,DigiCert Inc
ft.com,GlobalSign nv-sa
shopify.com,Baltimore
arnebrachhold.de,Baltimore
digikala.com,Comodo CA Limited
msftconnecttest.com,DigiCert Inc
webs.com,The USERTRUST Network
outbrain.com,DigiCert Inc
suara.com,"The Go Daddy Group, Inc."
hbr.org,DigiCert Inc
manoramaonline.com,DigiCert Inc
miit.gov.cn,DigiCert Inc
namu.wiki,Baltimore
medicalnewstoday.com,"Starfield Technologies, Inc."
pcmag.com,Baltimore
dictionary.com,Digital Signature Trust Co.
gstatic.com,GlobalSign
netscape.com,DigiCert Inc
unity3d.com,DigiCert Inc
allegro.pl,DigiCert Inc
glassdoor.com,Baltimore
moneycontrol.com,DigiCert Inc
fidelity.com,"Entrust, Inc."
hurriyet.com.tr,GlobalSign nv-sa
m.me,DigiCert Inc
indianexpress.com,DigiCert Inc
people.com,"Starfield Technologies, Inc."
www.nhs.uk,DigiCert Inc
nymag.com,Digital Signature Trust Co.
adsymptotic.com,DigiCert Inc
rediff.com,DigiCert Inc
sony.com,DigiCert Inc
nokia.com,DigiCert Inc
secomtrust.net,"SECOM Trust Systems CO.,LTD."
mathrubhumi.com,DigiCert Inc
mdpi.com,Digital Signature Trust Co.
google.co.za,GlobalSign
greenpeace.org,Baltimore
disney.com,Digital Signature Trust Co.
ibb.co,Digital Signature Trust Co.
standard.co.uk,GlobalSign nv-sa
milliyet.com.tr,GlobalSign nv-sa
mileroticos.com,Digital Signature Trust Co.
fifa.com,DigiCert Inc
jimdofree.com,DigiCert Inc
crunchbase.com,Baltimore
bugsnag.com,Digital Signature Trust Co.
caltech.edu,The USERTRUST Network
nintendo.com,DigiCert Inc
yoox.com,DigiCert Inc
realclearpolitics.com,"Starfield Technologies, Inc."
asriran.com,Digital Signature Trust Co.
dianping.com,"The Go Daddy Group, Inc."
ancestry.com,DigiCert Inc
cnbcindonesia.com,DigiCert Inc
dbankcloud.com,GlobalSign
thegatewaypundit.com,Baltimore
amazon.com.br,"VeriSign, Inc."
2345.com,DigiCert Inc
artstation.com,Baltimore
azcentral.com,Digital Signature Trust Co.
applovin.com,Digital Signature Trust Co.
skroutz.gr,Comodo CA Limited
codecanyon.net,Baltimore
urdupoint.com,Baltimore
kompas.tv,"Starfield Technologies, Inc."
wampserver.com,The USERTRUST Network
vvvdj.com,DigiCert Inc
iso.ch,DigiCert Inc
chaduo.com,CHINASSL Inc
lentainform.com,Baltimore
n11.com,GlobalSign
aka.ms,Baltimore
purl.org,"The Go Daddy Group, Inc."
edublogs.org,Comodo CA Limited
caigou2003.com,DigiCert Inc
rtve.es,Digital Signature Trust Co.
ahrefs.com,DigiCert Inc
hubspot.net,Baltimore
zeotap.com,Baltimore
kayak.com,Digital Signature Trust Co.
techsmith.com,DigiCert Inc
to8to.com,GlobalSign nv-sa
ubs.com,DigiCert Inc
theonion.com,GlobalSign
newsday.com,GlobalSign
onelink.me,DigiCert Inc
a8.net,GlobalSign
penguinrandomhouse.com,Comodo CA Limited
louvre.fr,DigiCert Inc
syr.edu,The USERTRUST Network
abebooks.com,"Starfield Technologies, Inc."
sfr.fr,DigiCert Inc
haberler.com,Comodo CA Limited
ansa.it,DigiCert Inc
apachetoday.com,Digital Signature Trust Co.
cofeed.com,DigiCert Inc
affordable-papers.net,Baltimore
cas.cn,China Financial Certification Authority
sun-sentinel.com,Digital Signature Trust Co.
business2community.com,Digital Signature Trust Co.
blog.jp,Digital Signature Trust Co.
square.site,"Entrust, Inc."
smallseotools.com,"The Go Daddy Group, Inc."
newsmth.net,Digital Signature Trust Co.
financialexpress.com,DigiCert Inc
dream.co.id,"The Go Daddy Group, Inc."
paytm.com,DigiCert Inc
politico.eu,Baltimore
designboom.com,Baltimore
sandiegouniontribune.com,"Starfield Technologies, Inc."
20minutos.es,DigiCert Inc
aniview.com,"Starfield Technologies, Inc."
cmbchina.com,DigiCert Inc
glamour.com,GlobalSign nv-sa
oraclecloud.com,DigiCert Inc
fnb.co.za,"Entrust, Inc."
subito.it,DigiCert Inc
macworld.com,Digital Signature Trust Co.
hangseng.com,DigiCert Inc
iea.org,Baltimore
hermes.com,GlobalSign
omnitagjs.com,Comodo CA Limited
unrealengine.com,"Starfield Technologies, Inc."
ranker.com,DigiCert Inc
ericsson.com,DigiCert Inc
burberry.com,DigiCert Inc
nfpa.org,Baltimore
tfl.gov.uk,Baltimore
caixabank.es,DigiCert Inc
bitchute.com,Baltimore
messefrankfurt.com,GlobalSign
pypi.org,DigiCert Inc
qualcomm.com,DigiCert Inc
seattlepi.com,GlobalSign nv-sa
businessnewsdaily.com,DigiCert Inc
filehorse.com,Baltimore
youzan.com,"GoDaddy.com, Inc."
pullcm.com,DigiCert Inc
klikbca.com,DigiCert Inc
petapixel.com,Baltimore
daringfireball.net,Baltimore
aip.org,Baltimore
futurism.com,Digital Signature Trust Co.
anthropologie.com,DigiCert Inc
db.tt,DigiCert Inc
unicode.org,Digital Signature Trust Co.
theweathernetwork.com,DigiCert Inc
cancerresearchuk.org,DigiCert Inc
capterra.com,DigiCert Inc
nextdirect.com,DigiCert Inc
indystar.com,Digital Signature Trust Co.
citationmachine.net,"Starfield Technologies, Inc."
bplaced.net,Digital Signature Trust Co.
sahamyab.com,Comodo CA Limited
prada.com,DigiCert Inc
capgemini.com,Digital Signature Trust Co.
expressvpn.com,"Starfield Technologies, Inc."
coinpayu.com,Baltimore
dikaiologitika.gr,Baltimore
shiksha.com,GlobalSign nv-sa
nation.africa,Comodo CA Limited
alsolta.net,Baltimore
skynewsarabia.com,Baltimore
fx678.com,DigiCert Inc
fca.org.uk,DigiCert Inc
amtrak.com,DigiCert Inc
mod.gov.az,Comodo CA Limited
univision.com,DigiCert Inc
pravda.ru,DigiCert Inc
mobirise.info,Baltimore
google.lv,GlobalSign
finra.org,Baltimore
poynter.org,"GoDaddy.com, Inc."
uni-koeln.de,T-Systems Enterprise Services GmbH
neoldu.com,Comodo CA Limited
20min.ch,"Starfield Technologies, Inc."
medicaldaily.com,"Starfield Technologies, Inc."
onlinekhabar.com,Baltimore
thediplomat.com,Baltimore
villagevoice.com,Comodo CA Limited
eastdane.com,"Starfield Technologies, Inc."
privat24.ua,DigiCert Inc
nec.com,DigiCert Inc
superbthemes.com,Comodo CA Limited
reactjs.org,Digital Signature Trust Co.
vrt.be,"Starfield Technologies, Inc."
ampproject.net,GlobalSign
undertone.com,"The Go Daddy Group, Inc."
mysearchflow.com,Digital Signature Trust Co.
hik-connect.com,GlobalSign
alaraby.co.uk,DigiCert Inc
businessinsider.in,DigiCert Inc
taylorandfrancis.com,Baltimore
uwm.edu,The USERTRUST Network
masrawy.com,Comodo CA Limited
khtahmar.com,Baltimore
telugu360.com,Digital Signature Trust Co.
ipage.com,Comodo CA Limited
linux.org,Baltimore
nd.gov,Comodo CA Limited
pgatour.com,GlobalSign
malwarebytes.org,DigiCert Inc
bankcomm.com,DigiCert Inc
viator.com,DigiCert Inc
hostelworld.com,GlobalSign
caringbridge.org,"Starfield Technologies, Inc."
thechive.com,Digital Signature Trust Co.
getfvid.com,Baltimore
militarytimes.com,Digital Signature Trust Co.
dilbert.com,"The Go Daddy Group, Inc."
permutive.com,Digital Signature Trust Co.
care.com,DigiCert Inc
mymovies.it,"Starfield Technologies, Inc."
livedoor.biz,Digital Signature Trust Co.
unicamp.br,GlobalSign
icy-veins.com,Digital Signature Trust Co.
mytheresa.com,DigiCert Inc
stripes.com,DigiCert Inc
pusher.com,Comodo CA Limited
redgifs.com,Baltimore
cultofmac.com,The USERTRUST Network
psmag.com,GlobalSign nv-sa
slides.com,Comodo CA Limited
dashlane.com,"Starfield Technologies, Inc."
toronto.ca,"Entrust, Inc."
boots.com,DigiCert Inc
okdiario.com,Baltimore
livemaster.ru,Comodo CA Limited
ukri.org,"Starfield Technologies, Inc."
amc.com,Comodo CA Limited
feedingamerica.org,Baltimore
us.es,DigiCert Inc
monotaro.com,DigiCert Inc
k-state.edu,"Starfield Technologies, Inc."
southampton.ac.uk,QuoVadis Limited
swiftkey.com,Baltimore
brunarosso.com,GlobalSign nv-sa
anz.com.au,DigiCert Inc
indiebound.org,Digital Signature Trust Co.
aktuality.sk,Comodo CA Limited
rthk.hk,Hongkong Post
chipotle.com,DigiCert Inc
google.com.sv,GlobalSign
milanuncios.com,"Starfield Technologies, Inc."
sennheiser.com,GlobalSign nv-sa
chinacourt.org,GlobalSign
arthritis.org,Baltimore
thehackernews.com,Baltimore
amebaownd.com,SECOM Trust.net
nascar.com,DigiCert Inc
join.chat,Digital Signature Trust Co.
pingan.com,DigiCert Inc
flock.com,Baltimore
flavors.me,DigiCert Inc
videohive.net,Baltimore
fextralife.com,Baltimore
zbj.com,Comodo CA Limited
mbalib.com,DigiCert Inc
temp-mail.org,Baltimore
tv9telugu.com,"Starfield Technologies, Inc."
google.com.cu,GlobalSign
tizianafausti.com,"Starfield Technologies, Inc."
hollywoodlife.com,Digital Signature Trust Co.
teamtreehouse.com,Digital Signature Trust Co.
awin.com,Digital Signature Trust Co.
activestate.com,The USERTRUST Network
kemenag.go.id,DigiCert Inc
b92.net,Digital Signature Trust Co.
fitgirl-repacks.site,Digital Signature Trust Co.
afthemes.com,Digital Signature Trust Co.
paisabazaar.com,DigiCert Inc
whois.com,Comodo CA Limited
bankbazaar.com,DigiCert Inc
totalsportek.com,Baltimore
thecrimson.com,"Starfield Technologies, Inc."
zaycev.net,Digital Signature Trust Co.
canalplus.com,Digital Signature Trust Co.
carsales.com.au,"Starfield Technologies, Inc."
safer-networking.org,DigiCert Inc
pdfescape.com,"Starfield Technologies, Inc."
uny.ac.id,DigiCert Inc
pe.com,Digital Signature Trust Co.
iab.com,Baltimore
redcrossblood.org,DigiCert Inc
chefkoch.de,Digital Signature Trust Co.
linternaute.fr,Digital Signature Trust Co.
gapyear.com,Digital Signature Trust Co.
europe1.fr,"Starfield Technologies, Inc."
prodigygame.com,"Starfield Technologies, Inc."
natlawreview.com,"Starfield Technologies, Inc."
guidechem.com,DigiCert Inc
esam.ir,Digital Signature Trust Co.
americanthinker.com,"Starfield Technologies, Inc."
homedepot.ca,"Entrust, Inc."
osaka-u.ac.jp,"SECOM Trust Systems CO.,LTD."
premier.one,GlobalSign
edunet.net,DigiCert Inc
opensubtitles.org,Baltimore
jc001.cn,DigiCert Inc
cbr.ru,DigiCert Inc
indeed.co.uk,DigiCert Inc
democratandchronicle.com,Digital Signature Trust Co.
agu.org,DigiCert Inc
banco.bradesco,DigiCert Inc
essex.ac.uk,Internet Security Research Group
cbsistatic.com,DigiCert Inc
telegram.com,Digital Signature Trust Co.
inoreader.com,Digital Signature Trust Co.
qnap.com,"Starfield Technologies, Inc."
moveon.org,Baltimore
lamoda.ru,Comodo CA Limited
zenodo.org,Comodo CA Limited
sacred-texts.com,Comodo CA Limited
parlgate.com,Baltimore
beeline.ru,DigiCert Inc
upmusics.com,Unizeto Technologies S.A.
research.net,"Starfield Technologies, Inc."
comedycentral.com,DigiCert Inc
siteswithcontent.com,Baltimore
zurb.com,Baltimore
sciencemuseum.org.uk,DigiCert Inc
akwam.co,Baltimore
myfolio.com,Comodo CA Limited
greenbiz.com,Baltimore
securedvisit.com,"Starfield Technologies, Inc."
carecredit.com,QuoVadis Limited
google.com.pr,GlobalSign
sgs.com,GlobalSign
gotinder.com,"Starfield Technologies, Inc."
google.cat,GlobalSign
khanefootball.com,Digital Signature Trust Co.
ovid.com,"Starfield Technologies, Inc."
rocketreach.co,"Starfield Technologies, Inc."
yingjiesheng.com,DigiCert Inc
marquette.edu,The USERTRUST Network
jewishvirtuallibrary.org,Baltimore
handbrake.fr,Digital Signature Trust Co.
zonealarm.com,DigiCert Inc
chicago.gov,Digital Signature Trust Co.
leiphone.com,GlobalSign
toshiba.co.jp,"SECOM Trust Systems CO.,LTD."
wpsmail.net,The USERTRUST Network
maven.org,"Starfield Technologies, Inc."
techwalla.com,DigiCert Inc
mural.co,Digital Signature Trust Co.
businesstoday.in,DigiCert Inc
stylehaus.jp,SECOM Trust.net
search.com,"Starfield Technologies, Inc."
blogcms.jp,GlobalSign
sante.fr,Comodo CA Limited
nnov.ru,Digital Signature Trust Co.
ewriters.pro,Digital Signature Trust Co.
lohud.com,Digital Signature Trust Co.
acfun.cn,GlobalSign
cnr.cn,Comodo CA Limited
vingle.net,"Starfield Technologies, Inc."
skai.gr,The USERTRUST Network
realtor.org,DigiCert Inc
fmovie.sc,Baltimore
downloadha.com,Unizeto Technologies S.A.
admin5.com,DigiCert Inc
cryptocompare.com,Baltimore
doctorswithoutborders.org,Digital Signature Trust Co.
quia.com,DigiCert Inc
associatedcontent.com,DigiCert Inc
vub.ac.be,DigiCert Inc
stoiximan.gr,Baltimore
amctheatres.com,"Entrust, Inc."
elearningindustry.com,Digital Signature Trust Co.
hessen.de,SwissSign AG
utarget.ru,The USERTRUST Network
jamaicanmedium.com,Baltimore
time.mk,Baltimore
127.net,DigiCert Inc
transfermarkt.de,Digital Signature Trust Co.
vk.cc,GlobalSign nv-sa
redflagdeals.com,Comodo CA Limited
kmail.com,DigiCert Inc
shmoop.com,"Starfield Technologies, Inc."
netvasco.com.br,Comodo CA Limited
webd.pl,Unizeto Technologies S.A.
alrakoba.net,Baltimore
getflywheel.com,Baltimore
yout.com,Digital Signature Trust Co.
riverfronttimes.com,Digital Signature Trust Co.
folgory.com,Baltimore
modern.az,Baltimore
sony.co.jp,DigiCert Inc
buymeacoffee.com,Baltimore
bbva.com.ar,DigiCert Inc
quantamagazine.org,Digital Signature Trust Co.
a2hosting.com,DigiCert Inc
boxcdn.net,Baltimore
gardeningknowhow.com,"The Go Daddy Group, Inc."
payu.com,"Starfield Technologies, Inc."
abcactionnews.com,"Starfield Technologies, Inc."
startv.com.tr,GlobalSign nv-sa
news12.com,"Starfield Technologies, Inc."
landsend.com,DigiCert Inc
processon.com,DigiCert Inc
122.gov.cn,GlobalSign
goodlayers.com,Comodo CA Limited
tueren-fachhandel.de,Digital Signature Trust Co.
harveynichols.com,GlobalSign
appfolio.com,"Starfield Technologies, Inc."
realpython.com,Baltimore
belmond.com,DigiCert Inc
garantibbva.com.tr,DigiCert Inc
biqugetv.com,Comodo CA Limited
jvpnews.com,"Starfield Technologies, Inc."
shareaholic.com,"Starfield Technologies, Inc."
grants.gov,"Entrust, Inc."
minnpost.com,Digital Signature Trust Co.
thepresident.gr,Baltimore
neteller.com,DigiCert Inc
quickanddirtytips.com,Digital Signature Trust Co.
forecast7.com,Baltimore
over40datingsites.net,Baltimore
wku.edu,DigiCert Inc
warbyparker.com,DigiCert Inc
nbd.com.cn,DigiCert Inc
musee-orsay.fr,The USERTRUST Network
moovitapp.com,"Starfield Technologies, Inc."
derwesten.de,Digital Signature Trust Co.
liveauctioneers.com,GlobalSign
casio.com,DigiCert Inc
adr.org,DigiCert Inc
linkhaitao.com,DigiCert Inc
officeworks.com.au,"Starfield Technologies, Inc."
kottke.org,Digital Signature Trust Co.
ctt.ec,Digital Signature Trust Co.
autoriteitpersoonsgegevens.nl,Staat der Nederlanden
callrail.com,"Starfield Technologies, Inc."
cointraffic.io,The USERTRUST Network
activerain.com,"Starfield Technologies, Inc."
heraldodemexico.com.mx,Baltimore
mybb.com,Baltimore
depo.com.ar,"Starfield Technologies, Inc."
gazprombank.ru,DigiCert Inc
cs-cart.com,Comodo CA Limited
pbslearningmedia.org,"Starfield Technologies, Inc."
appbrain.com,Baltimore
niusnews.com,Baltimore
dailypress.com,Digital Signature Trust Co.
amny.com,"GoDaddy.com, Inc."
nikon.com,"SECOM Trust Systems CO.,LTD."
galegroup.com,DigiCert Inc
stoloto.ru,DigiCert Inc
ifema.es,GlobalSign
x-mol.com,DigiCert Inc
10news.com,"Starfield Technologies, Inc."
4dsply.com,Baltimore
kartaslov.ru,AddTrust AB
xilinx.com,The USERTRUST Network
fantacalcio.it,Comodo CA Limited
naver.net,DigiCert Inc
offers.com,Baltimore
sportsmole.co.uk,"Starfield Technologies, Inc."
shangxueba.com,DigiCert Inc
sika.com,QuoVadis Limited
midasbuy.com,DigiCert Inc
cambly.com,Baltimore
actcorp.in,"Entrust, Inc."
super.cz,Digital Signature Trust Co.
csu.edu.au,QuoVadis Limited
nvsp.in,DigiCert Inc
snip.ly,Baltimore
google.com.na,GlobalSign
stacksocial.com,Digital Signature Trust Co.
gamefaqs.com,DigiCert Inc
remax.com,DigiCert Inc
wweek.com,GlobalSign
budgetphone.nl,The USERTRUST Network
business-cambodia.com,Baltimore
frontpagemag.com,Baltimore
scimagojr.com,Digital Signature Trust Co.
essaywriter.org,Comodo CA Limited
zipcar.com,GlobalSign
unnes.ac.id,Baltimore
ac-illust.com,"Starfield Technologies, Inc."
safe.gov.cn,DigiCert Inc
kaercher.com,"Starfield Technologies, Inc."
chubb.com,DigiCert Inc
shoutcast.com,Comodo CA Limited
uni-jena.de,T-Systems Enterprise Services GmbH
adsplay.in,Digital Signature Trust Co.
nycgo.com,DigiCert Inc
yuku.com,Baltimore
puzl.com,Digital Signature Trust Co.
bit.edu.cn,Baltimore
niniplus.com,Unizeto Sp. z o.o.
desertsun.com,Digital Signature Trust Co.
americanpregnancy.org,Baltimore
brightedge.com,DigiCert Inc
cp24.com,"Entrust, Inc."
crackwatch.com,Baltimore
dosomething.org,GlobalSign
infor.com,"Starfield Technologies, Inc."
oulu.fi,Comodo CA Limited
npg.org.uk,Baltimore
square-enix-games.com,The USERTRUST Network
pix11.com,Digital Signature Trust Co.
myherbalife.com,DigiCert Inc
cic.fr,GlobalSign
ouo.press,Baltimore
mynorthwest.com,Baltimore
extendoffice.com,The USERTRUST Network
meyerweb.com,Comodo CA Limited
spirit.com,DigiCert Inc
erank.com,"Starfield Technologies, Inc."
newsauto.gr,Digital Signature Trust Co.
tradetracker.net,Baltimore
tailwindcss.com,Digital Signature Trust Co.
fox13now.com,"Starfield Technologies, Inc."
liaoxuefeng.com,DigiCert Inc
titlemax.us,Baltimore
nv.ua,DigiCert Inc
xboxab.com,Baltimore
logiastarata.gr,Digital Signature Trust Co.
travelclick.com,DigiCert Inc
naviance.com,"Starfield Technologies, Inc."
thehealthy.com,Baltimore
multivu.com,Baltimore
socialnewpages.com,Digital Signature Trust Co.
stellar-girls.com,Digital Signature Trust Co.
3dsystems.com,"The Go Daddy Group, Inc."
huaweicloud.com,GlobalSign
ncss.org.cn,DigiCert Inc
theartnewspaper.com,"Starfield Technologies, Inc."
atavist.com,DigiCert Inc
scipy.org,DigiCert Inc
sutterhealth.org,DigiCert Inc
hupso.com,Comodo CA Limited
thewest.com.au,"Starfield Technologies, Inc."
appadvice.com,Baltimore
readmanga.live,Comodo CA Limited
haproxy.org,Comodo CA Limited
ciproflxn.com,Baltimore
jumeirah.com,DigiCert Inc
port.ac.uk,QuoVadis Limited
dillards.com,DigiCert Inc
xtemos.com,The USERTRUST Network
keepvid.com,DigiCert Inc
polar.com,DigiCert Inc
puhutv.com,GlobalSign nv-sa
mixer.com,DigiCert Inc
adguard.com,"The Go Daddy Group, Inc."
google.tl,GlobalSign
jelllizard.com,GlobalSign
jimmychoo.com,DigiCert Inc
schools.by,The USERTRUST Network
ideafit.com,Digital Signature Trust Co.
olx.pt,"Starfield Technologies, Inc."
goodnewsnetwork.org,Baltimore
castrol.com,"Entrust, Inc."
trackpush.com,Digital Signature Trust Co.
movoto.com,"The Go Daddy Group, Inc."
ivillage.com,DigiCert Inc
kutv.com,DigiCert Inc
bestrealdatingsites.com,Baltimore
tielabs.com,Baltimore
citynews.ca,DigiCert Inc
calacademy.org,"Starfield Technologies, Inc."
taiwan.cn,DigiCert Inc
asiatimes.com,Digital Signature Trust Co.
paxful.com,Comodo CA Limited
hhmi.org,"Entrust, Inc."
helpareporter.com,Baltimore
ranepa.ru,DigiCert Inc
travelchinaguide.com,"GoDaddy.com, Inc."
film2media.space,Digital Signature Trust Co.
oneplus.net,Digital Signature Trust Co.
ingramer.com,Baltimore
popcap.com,DigiCert Inc
mobshark.net,"The Go Daddy Group, Inc."
epsilon.com,Baltimore
santandernet.com.br,DigiCert Inc
hothardware.com,"The Go Daddy Group, Inc."
azet.sk,Comodo CA Limited
nbcolympics.com,"Entrust, Inc."
boston25news.com,Digital Signature Trust Co.
browser-update.org,Baltimore
univ-paris1.fr,Comodo CA Limited
logopond.com,Baltimore
ultimatelysocial.com,Baltimore
fwrd.com,DigiCert Inc
potterybarnkids.com,DigiCert Inc
keap.com,"The Go Daddy Group, Inc."
abbyy.com,"GoDaddy.com, Inc."
bestrussianbrides.net,Baltimore
murdoch.edu.au,QuoVadis Limited
myperfectresume.com,DigiCert Inc
drweil.com,Baltimore
google.co.vi,GlobalSign
chilango.com,Baltimore
clipwatching.com,Baltimore
modelmayhem.com,Baltimore
flowpaper.com,Baltimore
bentleymotors.com,DigiCert Inc
zyxel.com,"The Go Daddy Group, Inc."
pravoslavie.ru,The USERTRUST Network
torontomls.net,DigiCert Inc
google.ne,GlobalSign
sesamestreet.org,"Starfield Technologies, Inc."
telkomsel.com,DigiCert Inc
egnyte.com,DigiCert Inc
excel-easy.com,Digital Signature Trust Co.
3sat.de,DigiCert Inc
ns.nl,DigiCert Inc
haberglobal.com.tr,"Starfield Technologies, Inc."
eharmony.com,Comodo CA Limited
av-comparatives.org,Baltimore
loudersound.com,Digital Signature Trust Co.
artnews.com,Digital Signature Trust Co.
fashionsnap.com,"Starfield Technologies, Inc."
chuangkit.com,DigiCert Inc
vlaanderen.be,Digital Signature Trust Co.
ikrix.com,The USERTRUST Network
halloweencostumes.com,DigiCert Inc
epilepsy.com,"The Go Daddy Group, Inc."
elnuevodia.com,Baltimore
names.co.uk,The USERTRUST Network
commscope.com,Comodo CA Limited
upol.cz,DigiCert Inc
freightwaves.com,Digital Signature Trust Co.
todaysparent.com,"Starfield Technologies, Inc."
duda.co,Digital Signature Trust Co.
nextgov.com,DigiCert Inc
quoteinvestigator.com,"GoDaddy.com, Inc."
life.com,"Starfield Technologies, Inc."
fxnetworks.com,DigiCert Inc
atomic-bride.com,Baltimore
pinterest.se,DigiCert Inc
pressofatlanticcity.com,Digital Signature Trust Co.
aquahome.az,Digital Signature Trust Co.
litmos.com,Digital Signature Trust Co.
afi.com,Baltimore
netzpolitik.org,Digital Signature Trust Co.
wsvn.com,DigiCert Inc
google.tk,GlobalSign
ankiweb.net,Comodo CA Limited
newschannel5.com,"Starfield Technologies, Inc."
goldenglobes.com,Digital Signature Trust Co.
hydrochlorothiazide2.com,Baltimore
groovypost.com,Baltimore
olx.ba,Digital Signature Trust Co.
teraplot.net,Digital Signature Trust Co.
sejuku.net,Baltimore
filmpro.ru,Digital Signature Trust Co.
stackshare.io,Comodo CA Limited
shangdu.com,Digital Signature Trust Co.
washingtoncitypaper.com,Digital Signature Trust Co.
spirithalloween.com,DigiCert Inc
monbureaunumerique.fr,Dhimyotis
gizchina.com,GlobalSign nv-sa
figshare.com,"Starfield Technologies, Inc."
uwec.edu,Comodo CA Limited
gis-mapping.com,Baltimore
gonoodle.com,Comodo CA Limited
elblog.com,"Starfield Technologies, Inc."
paramountnetwork.com,DigiCert Inc
romper.com,"Starfield Technologies, Inc."
beeinspiredclothing.com,Digital Signature Trust Co.
usatuan.com,Digital Signature Trust Co.
xobor.de,Digital Signature Trust Co.
21wecan.com,DigiCert Inc
car-cloud-cn.net,DigiCert Inc
ticktick.com,Comodo CA Limited
cranfield.ac.uk,QuoVadis Limited
silverchair.com,DigiCert Inc
red-dot.org,Digital Signature Trust Co.
otodom.pl,"Starfield Technologies, Inc."
sciencefriday.com,Digital Signature Trust Co.
csccloud.in,DigiCert Inc
gov.wales,DigiCert Inc
helpscoutdocs.com,DigiCert Inc
whdh.com,Digital Signature Trust Co.
engageya.com,"The Go Daddy Group, Inc."
poco.cn,DigiCert Inc
viviennewestwood-tokyo.com,"SECOM Trust Systems CO.,LTD."
fiercebiotech.com,Baltimore
vogue.com.au,DigiCert Inc
campuslabs.com,"The Go Daddy Group, Inc."
bulletproof.com,Unizeto Technologies S.A.
kamagra911.com,Baltimore
putclub.com,DigiCert Inc
copernicus.eu,"Starfield Technologies, Inc."
cma-cgm.com,DigiCert Inc
egy.best,Baltimore
caradvice.com.au,Baltimore
kotlinlang.org,"Starfield Technologies, Inc."
healthdirect.gov.au,AffirmTrust
tr.im,Baltimore
opensignal.com,Baltimore
badcreditloanzone.com,Baltimore
baby.ru,GlobalSign nv-sa
canlii.org,Digital Signature Trust Co.
bmu.de,Digital Signature Trust Co.
online-video-cutter.com,Digital Signature Trust Co.
oddee.com,Digital Signature Trust Co.
shipstation.com,"The Go Daddy Group, Inc."
wtnh.com,Digital Signature Trust Co.
brenebrown.com,Baltimore
santacruzsentinel.com,Digital Signature Trust Co.
uwi.edu,SecureTrust Corporation
vertex42.com,DigiCert Inc
perfectmoney.is,The USERTRUST Network
rabota.ua,Comodo CA Limited
idealista.it,Digital Signature Trust Co.
resellerratings.com,"Starfield Technologies, Inc."
themanifest.com,Baltimore
ejoinme.org,"GoDaddy.com, Inc."
wien.info,DigiCert Inc
elkhadra.com,Baltimore
mirc.com,Comodo CA Limited
leagle.com,Digital Signature Trust Co.
shobserver.com,DigiCert Inc
brewdog.com,Baltimore
expedia.com.hk,DigiCert Inc
technobuffalo.com,Baltimore
wwltv.com,Digital Signature Trust Co.
gxrc.com,DigiCert Inc
harveynorman.com.au,Comodo CA Limited
nasponline.org,"GoDaddy.com, Inc."
bursadabugun.com,Comodo CA Limited
almrsal.com,Baltimore
uthscsa.edu,Comodo CA Limited
empireflippers.com,Baltimore
kcci.com,GlobalSign
heartland.org,"GoDaddy.com, Inc."
fox5ny.com,DigiCert Inc
marketingdive.com,Baltimore
spot-loan.net,Baltimore
streamtheworld.com,"The Go Daddy Group, Inc."
laestrella.com.pa,Comodo CA Limited
themebeez.com,Baltimore
allsugardaddy.com,Baltimore
saudigazette.com.sa,"GoDaddy.com, Inc."
spyfu.com,"Starfield Technologies, Inc."
infobel.com,Comodo CA Limited
csszengarden.com,"GoDaddy.com, Inc."
mitsui-shopping-park.com,DigiCert Inc
afip.gov.ar,Comodo CA Limited
rcfans.com,Digital Signature Trust Co.
2345.cc,DigiCert Inc
khon2.com,Digital Signature Trust Co.
cndns.com,GlobalSign
nagariknetwork.com,Digital Signature Trust Co.
swimswam.com,Baltimore
downloadgram.com,Digital Signature Trust Co.
ultratools.com,DigiCert Inc
abc10.com,DigiCert Inc
animepahe.com,Digital Signature Trust Co.
zerotothree.org,Digital Signature Trust Co.
myalbum.com,"Starfield Technologies, Inc."
audi.de,DigiCert Inc
olx.bg,"Starfield Technologies, Inc."
laprovence.com,Baltimore
twoday.net,Digital Signature Trust Co.
operacdn.com,DigiCert Inc
attn.tv,"Starfield Technologies, Inc."
hoy.com.do,GlobalSign nv-sa
hackerwatch.org,The USERTRUST Network
marsh.com,COMODO CA Limited
cyclingweekly.com,GlobalSign
eurosport.ru,DigiCert Inc
formspring.me,DigiCert Inc
robbast.nl,Digital Signature Trust Co.
colorzilla.com,Digital Signature Trust Co.
asean.org,The USERTRUST Network
123greetings.com,"The Go Daddy Group, Inc."
findabrides.com,Baltimore
omgubuntu.co.uk,Digital Signature Trust Co.
ah.nl,"Entrust, Inc."
forumer.com,"The Go Daddy Group, Inc."
moving.com,"Starfield Technologies, Inc."
pushwoosh.com,"Starfield Technologies, Inc."
scupio.com,The USERTRUST Network
yalla-shoot.today,GlobalSign
juzimi.com,Digital Signature Trust Co.
davidsuzuki.org,Digital Signature Trust Co.
dnsmadeeasy.com,The USERTRUST Network
mangatoon.mobi,DigiCert Inc
ust.kz,Digital Signature Trust Co.
lokmat.com,"Starfield Technologies, Inc."
sdsc.edu,The USERTRUST Network
urfu.ru,DigiCert Inc
mobilelegends.com,Digital Signature Trust Co.
smsbump.com,"Starfield Technologies, Inc."
proximus.be,GlobalSign
cambridgeinternational.org,DigiCert Inc
blogspot.hu,GlobalSign
hodinkee.com,Digital Signature Trust Co.
espnfc.com,"Entrust, Inc."
hampshire.edu,"Starfield Technologies, Inc."
globalreporting.org,The USERTRUST Network
ukraine-woman.com,Baltimore
elnacional.com,Baltimore
duote.com,DigiCert Inc
apester.com,Baltimore
mod.go.jp,"SECOM Trust Systems CO.,LTD."
trvdp.com,Digital Signature Trust Co.
tadalafilrem.com,Baltimore
optifine.net,Baltimore
larissanet.gr,Digital Signature Trust Co.
signaturetitleloans.com,Baltimore
movabletype.com,Digital Signature Trust Co.
codeweavers.com,The USERTRUST Network
netcarshow.com,Comodo CA Limited
redherring.com,Digital Signature Trust Co.
ambientdsp.com,"The Go Daddy Group, Inc."
purpleair.com,Digital Signature Trust Co.
asmag.com.cn,DigiCert Inc
gtainside.com,Digital Signature Trust Co.
hihonor.com,Actalis S.p.A./03358520967
algemeiner.com,Digital Signature Trust Co.
subscribepage.com,Baltimore
kirkwood.edu,"GoDaddy.com, Inc."
dreamjob.ma,Baltimore
fox19.com,Digital Signature Trust Co.
justsecurity.org,Digital Signature Trust Co.
oriflame.ru,Digital Signature Trust Co.
parkinson.org,Digital Signature Trust Co.
pitchengine.com,"The Go Daddy Group, Inc."
visual-paradigm.com,Digital Signature Trust Co.
paytmmall.com,DigiCert Inc
melon.com,"VeriSign, Inc."
jpc.de,Comodo CA Limited
myassignmenthelp.com,Baltimore
video.link,Baltimore
onlinecheckwriter.com,Digital Signature Trust Co.
uoc.gr,DigiCert Inc
rankmywriter.com,Digital Signature Trust Co.
sports-reference.com,"Starfield Technologies, Inc."
victorianweb.org,Digital Signature Trust Co.
fattureincloud.it,"Starfield Technologies, Inc."
asa.org.uk,Baltimore
cgd.pt,DigiCert Inc
chayu.com,DigiCert Inc
5lovelanguages.com,Baltimore
vegas.com,DigiCert Inc
m1finance.com,DigiCert Inc
benaughty.reviews,Baltimore
itweb.co.za,GlobalSign nv-sa
login.gov,Digital Signature Trust Co.
courierpostonline.com,Digital Signature Trust Co.
mapfan.com,"Starfield Technologies, Inc."
jobstreet.com.sg,DigiCert Inc
nextcity.org,Baltimore
fox29.com,DigiCert Inc
ufcfightpass.com,"Starfield Technologies, Inc."
corta.co,Digital Signature Trust Co.
lemall.com,DigiCert Inc
igizmo.it,The USERTRUST Network
dlkoo.com,Baltimore
kinohouuted.site,Digital Signature Trust Co.
startfenster.de,AddTrust AB
mgm.gov.tr,Comodo CA Limited
tenmax.io,The USERTRUST Network
visir.is,DigiCert Inc
canon.co.uk,DigiCert Inc
resonabank.co.jp,DigiCert Inc
dhu.edu.cn,GlobalSign nv-sa
forestry.gov.uk,DigiCert Inc
lycos.nl,Digital Signature Trust Co.
aier.org,Baltimore
pmi.com,DigiCert Inc
yola.com,Baltimore
yasminmed.com,Baltimore
pickyourown.org,Baltimore
iframe.ly,"The Go Daddy Group, Inc."
gifs.com,DigiCert Inc
th7.cn,DigiCert Inc
clinique.com,DigiCert Inc
nemzetisport.hu,Comodo CA Limited
toronto.com,"Starfield Technologies, Inc."
informatica.com,DigiCert Inc
tu-braunschweig.de,T-Systems Enterprise Services GmbH
the-japan-news.com,"SECOM Trust Systems CO.,LTD."
gs1.org,DigiCert Inc
thekrazycouponlady.com,"Starfield Technologies, Inc."
123movies.la,Baltimore
povar.ru,The USERTRUST Network
mp3cut.net,Digital Signature Trust Co.
sbsun.com,Digital Signature Trust Co.
sovsport.ru,Digital Signature Trust Co.
unicef.org.uk,Digital Signature Trust Co.
abendzeitung-muenchen.de,DigiCert Inc
3ders.org,Digital Signature Trust Co.
intermedia.net,DigiCert Inc
foldingathome.org,Baltimore
agilixbuzz.com,Digital Signature Trust Co.
mingw.org,DigiCert Inc
catholic.com,Baltimore
visualcv.com,"Starfield Technologies, Inc."
homeaway.co.uk,DigiCert Inc
choosechicago.com,Digital Signature Trust Co.
coachoutlet.com,DigiCert Inc
environment-agency.gov.uk,GlobalSign
cityofboston.gov,DigiCert Inc
startech.com.bd,Comodo CA Limited
securitymagazine.com,"The Go Daddy Group, Inc."
paidai.com,Digital Signature Trust Co.
maps.me,DigiCert Inc
123cha.com,GlobalSign nv-sa
pandora.tv,DigiCert Inc
ipchicken.com,Baltimore
rbcdaily.ru,The USERTRUST Network
soft32.com,"Starfield Technologies, Inc."
youboy.com,DigiCert Inc
gosi.gov.sa,DigiCert Inc
philippineairlines.com,Comodo CA Limited
animesonline.cc,Baltimore
zoomgov.com,"The Go Daddy Group, Inc."
twinfinite.net,Baltimore
rocketdrivers.com,Comodo CA Limited
viarail.ca,"Entrust, Inc."
checkplus.co.kr,Comodo CA Limited
gdufs.edu.cn,Baltimore
mt5.com,The USERTRUST Network
coinbulb.com,Baltimore
richmendating.us,Baltimore
joinindianarmy.nic.in,DigiCert Inc
onlinedoctorrsale.com,Digital Signature Trust Co.
ibj.com,Baltimore
simplepractice.com,"Starfield Technologies, Inc."
encarrot.com,Baltimore
flashscore.ro,Digital Signature Trust Co.
science.org.au,DigiCert Inc
choosealicense.com,Digital Signature Trust Co.
drinkaware.co.uk,DigiCert Inc
danielwellington.com,Comodo CA Limited
truepeoplesearch.com,Baltimore
greythr.com,GlobalSign
pharmacytimes.com,Digital Signature Trust Co.
unitedhealthgroup.com,COMODO CA Limited
appost.in,DigiCert Inc
paxilmed.com,Baltimore
fabletics.com,DigiCert Inc
honeybook.com,Baltimore
ziffdavis.com,Comodo CA Limited
santanderbank.com,"Entrust, Inc."
company.com,SecureTrust Corporation
bma.org.uk,"The Go Daddy Group, Inc."
npb.jp,"SECOM Trust Systems CO.,LTD."
airnav.com,DigiCert Inc
awaker.info,Digital Signature Trust Co.
homelight.com,"GoDaddy.com, Inc."
ftd.com,DigiCert Inc
congreso.es,Digital Signature Trust Co.
dessign.net,"GoDaddy.com, Inc."
cnet.co.uk,DigiCert Inc
rispondipa.it,Baltimore
topcoder.com,"The Go Daddy Group, Inc."
codehs.com,"Starfield Technologies, Inc."
films-2020.ru,Digital Signature Trust Co.
e-flux.com,Baltimore
pionline.com,Baltimore
offervault.com,Baltimore
sinoss.net,"Entrust, Inc."
g2g.com,The USERTRUST Network
kyoto-np.co.jp,GlobalSign nv-sa
straumann.com,DigiCert Inc
lawinsider.com,GlobalSign nv-sa
literatumonline.com,Baltimore
pngfind.com,Digital Signature Trust Co.
alphatv.gr,DigiCert Inc
nationalcar.com,COMODO CA Limited
minne.com,GlobalSign
icbc.com,"Entrust, Inc."
diskpart.com,Baltimore
rideapart.com,"The Go Daddy Group, Inc."
ibaotu.com,DigiCert Inc
newscorp.com,Digital Signature Trust Co.
xrite.com,DigiCert Inc
nabd.com,"The Go Daddy Group, Inc."
gapcanada.ca,COMODO CA Limited
ttnews.com,"Entrust, Inc."
canlitv.today,Baltimore
ncertbooks.guru,Baltimore
meaww.com,Baltimore
paletton.com,Digital Signature Trust Co.
encolombia.com,Baltimore
millercenter.org,Comodo CA Limited
offgamers.com,The USERTRUST Network
locanto.com,Baltimore
bookrags.com,"Starfield Technologies, Inc."
novoresume.com,DigiCert Inc
ladygaga.com,DigiCert Inc
archilovers.com,Baltimore
animego.org,Digital Signature Trust Co.
